{
    "$jason": {
        "head": {
            "title": "{ ˃̵̑ᴥ˂̵̑}",
            "actions": {
                "$foreground": {
                    "type": "$reload"
                }
            }
        },
        "body": {
            "header": {
                "style": {
                    "theme": true
                }
            },
            "style": {
                "background": "#ffffff",
                "border": "none"
            },
            "sections": [
                {
                    "items": [
                        {
                            "type": "vertical",
                            "style": {
                                "padding": 30,
                                "spacing": 20,
                                "align": "center"
                            },
                            "components": [
                                {
                                    "type": "label",
                                    "text": "It's ALIVE!",
                                    "style": {
                                        "align": "center",
                                        "font": "Courier-Bold",
                                        "size": 26
                                    }
                                },
                                {
                                    "type": "label",
                                    "text": "This is a demo app. You can make your own app by changing the url inside strings.xml",
                                    "style": {
                                        "align": "center",
                                        "font": "Courier",
                                        "padding": 30,
                                        "size": 20
                                    }
                                },
                                {
                                    "type": "label",
                                    "text": "{ ˃̵̑ᴥ˂̵̑}",
                                    "style": {
                                        "align": "center",
                                        "font": "HelveticaNeue-Bold",
                                        "size": 50
                                    }
                                }
                            ]
                        },
                        {
                            "type": "label",
                            "style": {
                                "align": "right",
                                "padding": 10,
                                "color": "#000000",
                                "font": "HelveticaNeue",
                                "size": 20
                            },
                            "text": "Check out Live DEMO",
                            "href": {
                                "url": "https://raw.githubusercontent.com/jasonelle/docs/develop/examples/jasonette/apps/jasonpedia/demo.json",
                                "fresh": true
                            }
                        },
                        {
                            "type": "label",
                            "style": {
                                "align": "right",
                                "padding": 10,
                                "color": "#000000",
                                "font": "HelveticaNeue",
                                "size": 20
                            },
                            "text": "Watch the tutorial video",
                            "href": {
                                "url": "https://www.youtube.com/watch?v=hfevBAAfCMQ",
                                "view": "web"
                            }
                        },
                        {
                            "type": "label",
                            "style": {
                                "align": "right",
                                "padding": 10,
                                "color": "#000000",
                                "font": "HelveticaNeue",
                                "size": 20
                            },
                            "text": "View documentation",
                            "href": {
                                "url": "https://jasonelle.com/docs",
                                "view": "web",
                                "options": {
                                    "reader": true
                                }
                            }
                        }
                    ]
                }
            ]
        }
    }
}
